-- Author: Paula McMillan
CREATE DATABASE HR;

-- Create and populate the tables used in the HR database

CREATE TABLE HR.DEPARTMENT (
	DEPTCODE char(4) primary key,
	DEPTNAME varchar(60) not null
);

INSERT INTO HR.DEPARTMENT ( DEPTCODE, DEPTNAME ) 
	VALUES ('D400','Unassigned');
INSERT INTO HR.DEPARTMENT ( DEPTCODE, DEPTNAME ) 
	VALUES ('D410','Marketing');
INSERT INTO HR.DEPARTMENT ( DEPTCODE, DEPTNAME ) 
	VALUES ('D420','Operations');
INSERT INTO HR.DEPARTMENT ( DEPTCODE, DEPTNAME ) 
	VALUES ('D433','Finance');
INSERT INTO HR.DEPARTMENT ( DEPTCODE, DEPTNAME ) 
	VALUES ('D440','Research and Development');

CREATE TABLE HR.EMPLOYEE (
	EMPCODE char(6) primary key,
	DEPTCODE char(4),
	index dept_fk (DEPTCODE),
	foreign key (DEPTCODE) references DEPARTMENT(DEPTCODE),
	JOBTITLE varchar (30),
	GIVENNAME varchar(30) not null,
	FAMILYNAME varchar(30) not null,
	COMMONNAME varchar (60),
	NAMETITLE varchar(6)
);

INSERT INTO HR.EMPLOYEE ( EMPCODE, DEPTCODE, JOBTITLE, GIVENNAME, FAMILYNAME, COMMONNAME, NAMETITLE ) 
	VALUES ('E10001','D410','Salesperson', 'Edward James', 'Thompson', 'Ed Thompson', 'Mr');
INSERT INTO HR.EMPLOYEE ( EMPCODE, DEPTCODE, JOBTITLE, GIVENNAME, FAMILYNAME, COMMONNAME, NAMETITLE ) 
	VALUES ('E10002','D410','Marketing Manager', 'Grace', 'Serraro', 'Grace Serrero', 'Miss');
INSERT INTO HR.EMPLOYEE ( EMPCODE, DEPTCODE, JOBTITLE, GIVENNAME, FAMILYNAME, COMMONNAME, NAMETITLE ) 
	VALUES ('E10003','D420','Procurements', 'Marie Therese', 'Sauve', 'Marie Sauve', 'Ms');
INSERT INTO HR.EMPLOYEE ( EMPCODE, DEPTCODE, JOBTITLE, GIVENNAME, FAMILYNAME, COMMONNAME, NAMETITLE ) 
	VALUES ('E10004','D433','Recievables clerk', 'Alison H. J.', 'Hiivala', 'Ali Hiivala', 'Miss');
INSERT INTO HR.EMPLOYEE ( EMPCODE, DEPTCODE, JOBTITLE, GIVENNAME, FAMILYNAME, COMMONNAME, NAMETITLE ) 
	VALUES ('E10005','D433','Accountant', 'Lars K.', 'Instrom', 'Lars Instrom', 'Mr');
INSERT INTO HR.EMPLOYEE ( EMPCODE, DEPTCODE, JOBTITLE, GIVENNAME, FAMILYNAME, COMMONNAME, NAMETITLE ) 
	VALUES ('E10006','D433','Cashier', 'Sally Louisa', 'Bavarra', 'Louise Bavarra ', 'Ms');
INSERT INTO HR.EMPLOYEE ( EMPCODE, DEPTCODE, JOBTITLE, GIVENNAME, FAMILYNAME, COMMONNAME, NAMETITLE ) 
	VALUES ('E10007','D440','Web Master', 'Tung Dae', 'Twan', 'T.D. Twan', 'Mr');
INSERT INTO HR.EMPLOYEE ( EMPCODE, DEPTCODE, JOBTITLE, GIVENNAME, FAMILYNAME, COMMONNAME, NAMETITLE ) 
	VALUES ('E10008','D410','Salesperson', 'Katherine', 'Chomsky', 'Kathy Chomsky', 'Mrs');
INSERT INTO HR.EMPLOYEE ( EMPCODE, DEPTCODE, JOBTITLE, GIVENNAME, FAMILYNAME, COMMONNAME, NAMETITLE ) 
	VALUES ('E10009','D440','Developer', 'Edwin', 'Ho', 'Edwin K. Ho', 'Mr');
INSERT INTO HR.EMPLOYEE ( EMPCODE, DEPTCODE, JOBTITLE, GIVENNAME, FAMILYNAME, COMMONNAME, NAMETITLE ) 
	VALUES ('E10010','D440','Project Manager', 'Sarah', 'MacKay', 'Sarah Mackay', 'Miss');
INSERT INTO HR.EMPLOYEE ( EMPCODE, DEPTCODE, JOBTITLE, GIVENNAME, FAMILYNAME, COMMONNAME, NAMETITLE ) 
	VALUES ('E10011','D440','Developer', 'Lois', 'Karsh', 'L.P.T. Karsh', 'Ms');
INSERT INTO HR.EMPLOYEE ( EMPCODE, DEPTCODE, JOBTITLE, GIVENNAME, FAMILYNAME, COMMONNAME, NAMETITLE ) 
	VALUES ('E10012','D440','Developer', 'Sujata', 'Hegde', 'Sujata Hegde', 'Miss');
INSERT INTO HR.EMPLOYEE ( EMPCODE, DEPTCODE, JOBTITLE, GIVENNAME, FAMILYNAME, COMMONNAME, NAMETITLE ) 
	VALUES ('E10013','D440','Lead Developer', 'Mohammed', 'Halim', 'Mohammed Halim', 'Mr');
INSERT INTO HR.EMPLOYEE ( EMPCODE, DEPTCODE, JOBTITLE, GIVENNAME, FAMILYNAME, COMMONNAME, NAMETITLE ) 
	VALUES ('E10014','D440','Tester', 'Sally', 'Marino', 'Sal Marino', 'Ms');
INSERT INTO HR.EMPLOYEE ( EMPCODE, DEPTCODE, JOBTITLE, GIVENNAME, FAMILYNAME, COMMONNAME, NAMETITLE ) 
	VALUES ('E10015','D440','Test Lead', 'Warren', 'Wang', 'Warren Wang', 'Mr');
INSERT INTO HR.EMPLOYEE ( EMPCODE, DEPTCODE, JOBTITLE, GIVENNAME, FAMILYNAME, COMMONNAME, NAMETITLE ) 
	VALUES ('E10016','D440','Developer', 'Georgia', 'Chernov', 'Georgia Chernov', 'Mrs');
	
CREATE TABLE HR.PHONENUMBER (
	PHONEID integer primary key auto_increment,	
	EMPCODE char(6) not null,
	index emp_fk (EMPCODE),
	foreign key (EMPCODE) references HR.EMPLOYEE(EMPCODE),
	LOCALNUM char (10) not null,
	PHONETYPE varchar (6) not null
);

INSERT INTO HR.PHONENUMBER ( EMPCODE, LOCALNUM, PHONETYPE) 
	VALUES ('E10001', '4165429764','WORK');
INSERT INTO HR.PHONENUMBER ( EMPCODE, LOCALNUM, PHONETYPE ) 
	VALUES ('E10002', '4165550943','WORK');
INSERT INTO HR.PHONENUMBER ( EMPCODE, LOCALNUM, PHONETYPE ) 
	VALUES ('E10003', '9058904543','HOME');
INSERT INTO HR.PHONENUMBER ( EMPCODE, LOCALNUM, PHONETYPE ) 
	VALUES ('E10003', '4165550342','WORK');	
INSERT INTO HR.PHONENUMBER ( EMPCODE, LOCALNUM, PHONETYPE ) 
	VALUES ('E10004', '6479232323','MOBILE');
INSERT INTO HR.PHONENUMBER ( EMPCODE, LOCALNUM, PHONETYPE ) 
	VALUES ('E10005', '4165554352','WORK');
INSERT INTO HR.PHONENUMBER ( EMPCODE, LOCALNUM, PHONETYPE ) 
	VALUES ('E10006', '4165423334','WORK');
INSERT INTO HR.PHONENUMBER ( EMPCODE, LOCALNUM, PHONETYPE ) 
	VALUES ('E10007', '4165552433','WORK');
INSERT INTO HR.PHONENUMBER ( EMPCODE, LOCALNUM, PHONETYPE ) 
	VALUES ('E10008', '9056654564','HOME');
INSERT INTO HR.PHONENUMBER ( EMPCODE, LOCALNUM, PHONETYPE ) 
	VALUES ('E10009', '4165423241','WORK');
INSERT INTO HR.PHONENUMBER ( EMPCODE, LOCALNUM, PHONETYPE ) 
	VALUES ('E10010', '9053422134','HOME');
INSERT INTO HR.PHONENUMBER ( EMPCODE, LOCALNUM, PHONETYPE ) 
	VALUES ('E10011', '4165557422','WORK');	
INSERT INTO HR.PHONENUMBER ( EMPCODE, LOCALNUM, PHONETYPE ) 
	VALUES ('E10012', '4165553202','WORK');
INSERT INTO HR.PHONENUMBER ( EMPCODE, LOCALNUM, PHONETYPE ) 
	VALUES ('E10013', '4165423111','WORK');
INSERT INTO HR.PHONENUMBER ( EMPCODE, LOCALNUM, PHONETYPE ) 
	VALUES ('E10014', '9053422134','HOME');
INSERT INTO HR.PHONENUMBER ( EMPCODE, LOCALNUM, PHONETYPE ) 
	VALUES ('E10016', '4165557422','WORK');	
INSERT INTO HR.PHONENUMBER ( EMPCODE, LOCALNUM, PHONETYPE ) 
	VALUES ('E10016', '4163013202','MOBILE');
	
CREATE TABLE HR.EMAIL (	
	EMPCODE char(6) primary key,	
	index emp_fk (EMPCODE),
	foreign key (EMPCODE) references HR.EMPLOYEE(EMPCODE),
	EMAILADDRESS varchar(40) not null
);

INSERT INTO HR.EMAIL ( EMPCODE, EMAILADDRESS )
	VALUES ('E10006', 'JouiseBavarra@algernon.com');
INSERT INTO HR.EMAIL ( EMPCODE, EMAILADDRESS ) 
	VALUES ('E10007', 'tdt@algernon.com');
INSERT INTO HR.EMAIL ( EMPCODE, EMAILADDRESS ) 
	VALUES ('E10008', 'chomsky@algernon.com');
INSERT INTO HR.EMAIL ( EMPCODE, EMAILADDRESS ) 
	VALUES ('E10009', 'edwinho@algernon.com');
INSERT INTO HR.EMAIL ( EMPCODE, EMAILADDRESS )
	VALUES ('E10010', 'smackay@algernon.com');
INSERT INTO HR.EMAIL ( EMPCODE, EMAILADDRESS ) 
	VALUES ('E10011', 'LPTK@algernon.com');
INSERT INTO HR.EMAIL ( EMPCODE, EMAILADDRESS ) 
	VALUES ('E10012', 'Sujata@algernon.com');
INSERT INTO HR.EMAIL ( EMPCODE, EMAILADDRESS ) 
	VALUES ('E10013', 'mhHalim@algernon.com');
INSERT INTO HR.EMAIL ( EMPCODE, EMAILADDRESS ) 
	VALUES ('E10014', 'smarino@algernon.com');
INSERT INTO HR.EMAIL ( EMPCODE, EMAILADDRESS )
	VALUES ('E10015', 'WWang@algernon.com');
INSERT INTO HR.EMAIL ( EMPCODE, EMAILADDRESS ) 
	VALUES ('E10016', 'gchernov@algernon.com');
INSERT INTO HR.EMAIL ( EMPCODE, EMAILADDRESS ) 
	VALUES ('E10001','ejthompson@algernon.com'); 
INSERT INTO HR.EMAIL ( EMPCODE, EMAILADDRESS ) 
	VALUES ('E10002','grace@algernon.com'); 
INSERT INTO HR.EMAIL ( EMPCODE, EMAILADDRESS ) 
	VALUES ('E10003','MTSauve@algernon.com'); 
INSERT INTO HR.EMAIL ( EMPCODE, EMAILADDRESS )
	VALUES ('E10004', 'AHiivala@algernon.com');
INSERT INTO HR.EMAIL ( EMPCODE, EMAILADDRESS )
	VALUES ('E10005', 'lars@algernon.com');

		
CREATE TABLE HR.PROJECT (
	PROJCODE char(8) primary key,	
	PROJTITLE varchar (60)
);

INSERT INTO HR.PROJECT ( PROJCODE, PROJTITLE ) 
	VALUES ('JUPITOR', 'Marketing Plan V3.5');
INSERT INTO HR.PROJECT ( PROJCODE,  PROJTITLE )  
	VALUES ('SIRIUS', 'Web 2.0 Feature Pack');
INSERT INTO HR.PROJECT ( PROJCODE, PROJTITLE )  
	VALUES ('NEPTUNE', 'V3.5 Competitor Analysis');
INSERT INTO HR.PROJECT ( PROJCODE, PROJTITLE )  
	VALUES ('JUNO', 'Performance Tuning');
	
CREATE TABLE HR.PROJECTTEAM (
	PROJCODE char(8) not null,	
	index proj_fk (PROJCODE),
	foreign key (PROJCODE) references HR.PROJECT(PROJCODE),	
	EMPCODE char(6) not null,
	index emp_fk (EMPCODE),
	foreign key (EMPCODE) references HR.EMPLOYEE(EMPCODE)
);	

INSERT INTO HR.PROJECTTEAM (PROJCODE, EMPCODE) 
	VALUES ('Jupitor','E10001');
INSERT INTO HR.PROJECTTEAM (PROJCODE, EMPCODE) 
	VALUES ('Jupitor','E10002');
INSERT INTO HR.PROJECTTEAM (PROJCODE, EMPCODE) 
	VALUES ('Sirius','E10011');
INSERT INTO HR.PROJECTTEAM (PROJCODE, EMPCODE) 
	VALUES ('Sirius','E10012');
INSERT INTO HR.PROJECTTEAM (PROJCODE, EMPCODE) 
	VALUES ('Sirius','E10013');
INSERT INTO HR.PROJECTTEAM (PROJCODE, EMPCODE) 
	VALUES ('Sirius','E10014');
INSERT INTO HR.PROJECTTEAM (PROJCODE, EMPCODE) 
	VALUES ('Sirius','E10007');
INSERT INTO HR.PROJECTTEAM (PROJCODE, EMPCODE) 
	VALUES ('Sirius','E10002');
INSERT INTO HR.PROJECTTEAM (PROJCODE, EMPCODE) 
	VALUES ('Juno','E10015');
INSERT INTO HR.PROJECTTEAM (PROJCODE, EMPCODE) 
	VALUES ('Juno','E10016');
INSERT INTO HR.PROJECTTEAM (PROJCODE, EMPCODE) 
	VALUES ('Juno','E10014');
INSERT INTO HR.PROJECTTEAM (PROJCODE, EMPCODE) 
	VALUES ('Juno','E10013');	
	
